smiles,cation_name,cation_smiles,anion_name,anion_smiles,molecular_weight,source,log_co2_solubility_pred,co2_solubility_pred,uncertainty,temperature_K,pressure_bar,rel_uncertainty,rank,vs_mea,physics_consistent,delta_H_kJ_mol,vant_hoff_r2,physics_flags
C1CCCCC1.CC(=O)[O-],SELFIES-BMPyr-mut,C1CCCCC1,OAc,CC([O-])=O,143.206,selfies,-0.12008687946945429,0.7584258387571352,0.0317864652825012,298.15,10.0,0.2646955722634671,1,279.2129193785676,True,-7.02071055810317,0.9928409692977421,
C1#CCCC1.CC(=O)[O-],SELFIES-N4444-mut,C1#CCCC1,OAc,CC([O-])=O,125.14699999999999,selfies,-0.14511401765048504,0.7159554219353967,0.03315364060869482,298.15,10.0,0.22846614782968216,2,257.97771096769833,True,-6.872426974936128,0.9923054149090352,
CC(=O)[O-].CCCC[P+](CCCC)(CCCC)CCCC,PH-Bu-Bu-Bu-Bu,CCCC[P+](CCCC)(CCCC)CCCC,OAc,CC([O-])=O,318.482,combinatorial,-0.15082363691180944,0.7066044417247462,0.03535312412954405,298.15,10.0,0.2344004219326441,3,253.3022208623731,True,-7.439538508848359,0.9937634196013678,
C1#CCCCC1.CC(=O)[O-],SELFIES-HMIM-mut,C1#CCCCC1,OAc,CC([O-])=O,139.174,selfies,-0.1604840187355876,0.6910603587290057,0.0332543933508801,298.15,10.0,0.20721311450749386,4,245.53017936450283,True,-7.115919086259894,0.9932054902904328,
CC(=O)[O-].CCCC[P+](CCCC)(CCCC)CC(C)(C)C,PH-neoP-Bu-Bu-Bu,CCCC[P+](CCCC)(CCCC)CC(C)(C)C,OAc,CC([O-])=O,332.509,combinatorial,-0.1641674805432558,0.685223926970601,0.02069280062852679,298.15,10.0,0.12604689162586333,5,242.61196348530046,True,-7.266630404653813,0.9935071185467397,
C1CCOC1.CC(=O)[O-],SELFIES-BMIM-mut,C1CCOC1,OAc,CC([O-])=O,131.15099999999998,selfies,-0.16548875998705626,0.683142398217829,0.023043576911630677,298.15,10.0,0.13924557120032222,6,241.57119910891444,True,-6.914138784758549,0.9924389146050796,
CC(=O)[O-].CCCCC(CCCC)CCCC,SELFIES-N4444-mut,CCCCC(CCCC)CCCC,OAc,CC([O-])=O,243.41099999999994,selfies,-0.16783259622752666,0.6794654898860556,0.03901560602678429,298.15,10.0,0.2324673925313755,7,239.73274494302777,True,-7.490882799176386,0.9938817140978763,
C1CNC1.CC(=O)[O-],SELFIES-EMIM-mut,C1CNC1,OAc,CC([O-])=O,116.13999999999999,selfies,-0.16865402180701494,0.6781815618944996,0.03336611797679491,298.15,10.0,0.1978376656500645,8,239.09078094724978,True,-6.654309128726736,0.9926887359209922,
CC(=O)[O-].CCCC[PH+](CCCC)CCCC,SELFIES-P4444-mut,CCCC[PH+](CCCC)CCCC,OAc,CC([O-])=O,262.3739999999999,selfies,-0.17236284632235765,0.6724146295120143,0.03296415480692587,298.15,10.0,0.19124861018641695,9,236.2073147560071,True,-7.398810787008886,0.9937758362393183,
CC(=O)[O-].CCCC[P+](CCC)(CCCC)CCCC,PH-Pr-Bu-Bu-Bu,CCCC[P+](CCC)(CCCC)CCCC,OAc,CC([O-])=O,304.455,combinatorial,-0.17668860033154488,0.6657503442345798,0.030668688515119454,298.15,10.0,0.1735748002846342,10,232.87517211728988,True,-7.486931510028125,0.9938344468446719,
CC(=O)[O-].CCCCC[P+](CCCC)(CCCC)CCCC,PH-Bu-Bu-Bu-Pe,CCCCC[P+](CCCC)(CCCC)CCCC,OAc,CC([O-])=O,332.50900000000007,combinatorial,-0.17726102843880653,0.6648734204368406,0.031356586778534416,298.15,10.0,0.17689498393810366,11,232.4367102184203,True,-7.579885241025941,0.9937594094862056,
CC(=O)[O-].CCCCC(CCCC)CCCC1CCC1,SELFIES-P4444-mut,CCCCC(CCCC)CCCC1CCC1,OAc,CC([O-])=O,283.47599999999994,selfies,-0.1786130452528596,0.6628067990480254,0.041335801115616494,298.15,10.0,0.23142655149906924,12,231.40339952401268,True,-7.653998410235136,0.9942843053563369,
CC(=O)[O-].CCCCCC,SELFIES-P66614-mut,CCCCCC,OAc,CC([O-])=O,145.22199999999998,selfies,-0.1801208034157753,0.6605096949802982,0.028299074359111012,298.15,10.0,0.157111637425844,13,230.25484749014907,True,-7.101104850451779,0.9931876392663618,
CC(=O)[O-].CCCCCCN=C(C)C,SELFIES-HMIM-mut,CCCCCCN=C(C)C,OAc,CC([O-])=O,200.302,selfies,-0.18081080447882414,0.6594611195187583,0.04523623981453631,298.15,10.0,0.25018549054591593,14,229.73055975937916,True,-6.933762203642446,0.9929150515128332,
CC(=[N-])[O-].CCCC[P+](CCCC)(CCCC)CCCC,P4444,CCCC[P+](CCCC)(CCCC)CCCC,SELFIES-OAc-mut,CC(=[N-])[O-],316.49,selfies,-0.1817670315504074,0.658010719177796,0.03705952314271567,298.15,10.0,0.20388473545841215,15,229.005359588898,True,-7.5713490470359215,0.9938386057373968,
CC(=O)[O-].CCCCC=C(C)C,SELFIES-BMIM-mut,CCCCC=C(C)C,OAc,CC([O-])=O,171.25999999999996,selfies,-0.18277107924222946,0.6564912178912893,0.04671352851678978,298.15,10.0,0.2555849027672457,16,228.24560894564462,True,-6.42811169525647,0.9939290277921596,
CC(=O)[O-].CC1=CC2CCC2C1,SELFIES-BMIM-mut,CC1=CC2CCC2C1,OAc,CC([O-])=O,167.228,selfies,-0.18335810396820307,0.6556044549716125,0.043206829949119514,298.15,10.0,0.23564177974163716,17,227.8022274858062,True,-6.784399371541558,0.9925521704077104,
CC(=O)[O-].CCCCC(CCC)(CCCC)CCCC,SELFIES-P4444-mut,CCCCC(CCC)(CCCC)CCCC,OAc,CC([O-])=O,285.49199999999996,selfies,-0.18413593899458647,0.6544312977426543,0.03625460305761283,298.15,10.0,0.19689042375741056,18,227.21564887132715,True,-7.644633823361712,0.9941650216175821,
CC(=O)[O-].CCCC[P+](CCN)(CCCC)CCCC,SELFIES-P4444-mut,CCCC[P+](CCN)(CCCC)CCCC,OAc,CC([O-])=O,305.443,selfies,-0.18478940427303314,0.6534473419777901,0.029767722084868862,298.15,10.0,0.16108998349757087,19,226.72367098889504,True,-7.507977588411392,0.9939389219114105,
CC(=O)[O-].CCCCC[P+](CCCC)(CCCC)CC(C)(C)C,PH-neoP-Bu-Bu-Pe,CCCCC[P+](CCCC)(CCCC)CC(C)(C)C,OAc,CC([O-])=O,346.53600000000006,combinatorial,-0.18505833111703396,0.6530428350321172,0.017116071889630786,298.15,10.0,0.09249014506029614,20,226.5214175160586,True,-7.3958296733063005,0.9938621489439166,
CCCC[P+](CCCC)(CCCC)CCCC.[B-]=C(C)[O+],P4444,CCCC[P+](CCCC)(CCCC)CCCC,SELFIES-OAc-mut,[B-]=C(C)[O+],313.295,selfies,-0.1850951388478279,0.652987490082331,0.038454462399047845,298.15,10.0,0.20775511792701576,21,226.49374504116548,True,-7.573248036438637,0.9938160441766998,
CC(=O)[O-].CCCC,SELFIES-P66614-mut,CCCC,OAc,CC([O-])=O,117.16799999999998,selfies,-0.18675257079303265,0.6505001921858462,0.036428086642007515,298.15,10.0,0.19506069708876303,22,225.2500960929231,True,-6.5431191425675115,0.9935229689041211,
CC(N)=O.CCCC[P+](CCCC)(CCCC)CCCC,P4444,CCCC[P+](CCCC)(CCCC)CCCC,SELFIES-OAc-mut,CC(N)=O,318.50600000000003,selfies,-0.18687007203698158,0.6503242188637178,0.036320724304437405,298.15,10.0,0.19436351636472604,23,225.1621094318589,True,-7.617532985179989,0.9937673067715223,
CC(=O)[O-].CCCCCCCC,SELFIES-BMPyr-mut,CCCCCCCC,OAc,CC([O-])=O,173.27599999999998,selfies,-0.1875659078359604,0.6492830899358782,0.028711001812162913,298.15,10.0,0.1530715370581775,24,224.6415449679391,True,-7.420084916625453,0.9937601284654286,
CC(=O)[O-].CCC1CCCCC1,SELFIES-BMPyr-mut,CCC1CCCCC1,OAc,CC([O-])=O,171.26,selfies,-0.1879583615809679,0.6486966250063952,0.03025461005818929,298.15,10.0,0.1609644274599422,25,224.34831250319763,True,-7.356673783237085,0.9937130704963033,
CC(=O)[O-].CCCC[N+](CCCC)(CCCC)CCCC,AM-Bu-Bu-Bu-Bu,CCCC[N+](CCCC)(CCCC)CCCC,OAc,CC([O-])=O,301.51499999999993,combinatorial,-0.1897021196782589,0.6460972318146998,0.03263261711726915,298.15,10.0,0.17202030832662887,26,223.04861590734987,True,-7.559656515446037,0.9938787832826504,
CC(=O)[O-].CCCCC,SELFIES-P66614-mut,CCCCC,OAc,CC([O-])=O,131.195,selfies,-0.19010371156036854,0.6455000621834034,0.03635359832276104,298.15,10.0,0.19123034487002505,27,222.75003109170166,True,-6.796978864474006,0.9930071361053899,
CC(=O)[O-].CCCCCCC,SELFIES-P66614-mut,CCCCCCC,OAc,CC([O-])=O,159.249,selfies,-0.19081232883036137,0.6444476897843439,0.031027822436750785,298.15,10.0,0.16260910721516098,28,222.22384489217194,True,-7.330626307619577,0.9935063848372607,
CC(=O)[O-].CCCC[P+](CC#N)(CCCC)CCCC,SELFIES-P4444-mut,CCCC[P+](CC#N)(CCCC)CCCC,OAc,CC([O-])=O,301.41099999999994,selfies,-0.19164230301976204,0.6432172707931567,0.029756216184729265,298.15,10.0,0.15526956061293432,29,221.60863539657836,True,-7.550251522593989,0.9938936925716598,
CC(=O)[O-].CCCC[P+](CCC)(CCCC)CC(C)(C)C,PH-neoP-Pr-Bu-Bu,CCCC[P+](CCC)(CCCC)CC(C)(C)C,OAc,CC([O-])=O,318.482,combinatorial,-0.19339321926236153,0.6406292748380843,0.018774278844150966,298.15,10.0,0.09707826838893127,30,220.31463741904213,True,-7.319114022869657,0.9934422832465037,
C1CO[N-]1.CC(=O)[O-],SELFIES-Choline-mut,C1CO[N-]1,OAc,CC([O-])=O,117.10399999999998,selfies,-0.19339530728757381,0.6406261947923603,0.03647672904138326,298.15,10.0,0.18861227582499354,31,220.31309739618013,True,-6.696803690755272,0.9928307124736753,
C1CC[N+]CC1.CC(=O)[O-],SELFIES-BMPyr-mut,C1CC[N+]CC1,OAc,CC([O-])=O,143.18599999999998,selfies,-0.19456499628722668,0.6389031122839804,0.023328666168256684,298.15,10.0,0.11990166069655062,32,219.4515561419902,True,-7.15486416123074,0.9935498429000026,
CC(=O)[O-].CCC[C-][P+](CCCC)(CCCC)CCCC,SELFIES-P4444-mut,CCC[C-][P+](CCCC)(CCCC)CCCC,OAc,CC([O-])=O,316.466,selfies,-0.19487947970628738,0.6384406341408343,0.0326463058097583,298.15,10.0,0.1675204893761066,33,219.22031707041714,True,-7.5952298492947605,0.9939244881119815,
CCCC[P+](CCCC)(CCCC)CCCC.[C+]=C(C)[O-],P4444,CCCC[P+](CCCC)(CCCC)CCCC,SELFIES-OAc-mut,[C+]=C(C)[O-],314.494,selfies,-0.19638672471046448,0.6362287281876197,0.04904632655479988,298.15,10.0,0.2497435945688769,34,218.11436409380983,True,-7.650772702584063,0.9934842696299364,
CC(=O)[O-].CCCC[N+]1(CC(C)(C)C)CCCC1,PYR-neoP-Bu,CCCC[N+]1(CC(C)(C)C)CCCC1,OAc,CC([O-])=O,257.41799999999995,combinatorial,-0.19643046148121357,0.6361646583224472,0.03164456697432245,298.15,10.0,0.16109806358800877,35,218.08232916122358,True,-7.258152032003459,0.9930713166123603,
CC(=O)[O-].CCCC[N+]1(CCCC)CCCC1,PYR-Bu-Bu,CCCC[N+]1(CCCC)CCCC1,OAc,CC([O-])=O,243.3909999999999,combinatorial,-0.19650108367204666,0.636061217705371,0.02309761203843357,298.15,10.0,0.11754445118980954,36,218.0306088526855,True,-7.526964289175334,0.9939765522051826,
CC(=O)[O-].CCCCNC=C(C)C,SELFIES-BMIM-mut,CCCCNC=C(C)C,OAc,CC([O-])=O,186.27499999999995,selfies,-0.19752641953527927,0.6345612973949618,0.039865604503083345,298.15,10.0,0.201824164063092,37,217.2806486974809,True,-6.434176410391454,0.9942376564784202,
BCCCC.CC(=O)[O-],SELFIES-Choline-mut,BCCCC,OAc,CC([O-])=O,128.988,selfies,-0.19759096764028072,0.6344669911413935,0.023937599769018426,298.15,10.0,0.12114723691518846,38,217.2334955706967,True,-6.927319165292431,0.9927921874197293,
CC(=O)[O-].CCCCCC[P+](CCCC)(CCCC)CCCC,PH-Bu-Bu-Bu-Hex,CCCCCC[P+](CCCC)(CCCC)CCCC,OAc,CC([O-])=O,346.5360000000001,combinatorial,-0.19854027964174747,0.6330816423731476,0.026234770597448095,298.15,10.0,0.132138277657244,39,216.54082118657377,True,-7.678187407369858,0.9942287411241533,
CC(=[N+])[O-].CCCC[P+](CCCC)(CCCC)CCCC,P4444,CCCC[P+](CCCC)(CCCC)CCCC,SELFIES-OAc-mut,CC(=[N+])[O-],316.49,selfies,-0.1994627509266138,0.6317383606331686,0.04536807258435855,298.15,10.0,0.22745135306516623,40,215.86918031658428,True,-7.660613178295952,0.9935192627720124,
CC(=O)[O-].CCNC=C(C)C,SELFIES-EMIM-mut,CCNC=C(C)C,OAc,CC([O-])=O,158.22099999999998,selfies,-0.20022081024944782,0.6306366256075805,0.03874046539513453,298.15,10.0,0.19348870552900668,41,215.31831280379023,True,-6.134092056294304,0.9937713934788043,
CC(=O)[O-].CCCCCCC[P+](CCCC)(CCCC)CCCC,PH-Bu-Bu-Hep-Bu,CCCCCCC[P+](CCCC)(CCCC)CCCC,OAc,CC([O-])=O,360.56300000000016,combinatorial,-0.20149561390280724,0.6287882044456848,0.027246585704479107,298.15,10.0,0.13522173101803436,42,214.39410222284238,True,-7.716099687781914,0.9941046418555488,
CC(=O)[O-].CCCC[P+](CCCC)(CCCC)CCC(C)C,PH-iBu-Bu-Bu-Bu,CCCC[P+](CCCC)(CCCC)CCC(C)C,OAc,CC([O-])=O,332.509,combinatorial,-0.20180433243513107,0.6283413887448414,0.03514834543788897,298.15,10.0,0.1741704204947494,43,214.17069437242066,True,-7.562118290600384,0.9938018820099455,
CC(=O)[O-].CCCCCCCCCCC,SELFIES-N4444-mut,CCCCCCCCCCC,OAc,CC([O-])=O,215.35699999999997,selfies,-0.20193067379295826,0.628158623451767,0.031010812718530553,298.15,10.0,0.15357158046392833,44,214.07931172588346,True,-7.669135230542242,0.9944895346117947,
CC(=O)[O-].CCCCC[P+](CCCC)(CCCC)CCCCC,PH-Bu-Bu-Pe-Pe,CCCCC[P+](CCCC)(CCCC)CCCCC,OAc,CC([O-])=O,346.5360000000001,combinatorial,-0.2025399450212717,0.6272779983010615,0.02796676602372836,298.15,10.0,0.1380802489148062,45,213.6389991505307,True,-7.706259027287432,0.993999384176055,
CC(=O)[O-].CC1CCC1,SELFIES-BMPyr-mut,CC1CCC1,OAc,CC([O-])=O,129.179,selfies,-0.2027683723717928,0.6269481535043343,0.023790916468669397,298.15,10.0,0.1173305096371083,46,213.47407675216715,True,-6.973953581518107,0.9930109869003545,
CC(=O)[O-].CCCCCCC[P+]1(CCCC)CCC1,SELFIES-P4444-mut,CCCCCCC[P+]1(CCCC)CCC1,OAc,CC([O-])=O,288.412,selfies,-0.20309452340006828,0.6264774981506799,0.026037612879509973,298.15,10.0,0.12820440671469735,47,213.23874907533994,True,-7.6263887913629045,0.9940230595936225,
CC(=O)[O-].CCCCC[P+](CCC)(CCCC)CCCC,PH-Pr-Bu-Bu-Pe,CCCCC[P+](CCC)(CCCC)CCCC,OAc,CC([O-])=O,318.482,combinatorial,-0.20335566997528076,0.6261009028180516,0.026638817114009932,298.15,10.0,0.1309961857333413,48,213.0504514090258,True,-7.6265518330392315,0.993942415217329,
CC(=O)[O-].CCCCCC[P+](CCCC)(CCCC)CC(C)(C)C,PH-neoP-Bu-Bu-Hex,CCCCCC[P+](CCCC)(CCCC)CC(C)(C)C,OAc,CC([O-])=O,360.5630000000001,combinatorial,-0.20358469150960445,0.6257708208250401,0.013539888943578698,298.15,10.0,0.06650740211937758,49,212.88541041252006,True,-7.499487872138703,0.9936825303890064,
CC(=O)[O-].CCCC[N+](CCCC)(CCCC)CC(C)(C)C,AM-neoP-Bu-Bu-Bu,CCCC[N+](CCCC)(CCCC)CC(C)(C)C,OAc,CC([O-])=O,315.542,combinatorial,-0.20387383736670017,0.6253543319490077,0.030636389660777568,298.15,10.0,0.15027131512550604,50,212.67716597450382,True,-7.42845053580238,0.9938430677282621,
CC(=O)[O-].CCCC#[P+]C=C(C)C,SELFIES-BMIM-mut,CCCC#[P+]C=C(C)C,OAc,CC([O-])=O,200.21799999999996,selfies,-0.20437914319336414,0.6246271492645121,0.023264965679131784,298.15,10.0,0.11383238678675095,51,212.31357463225606,True,-6.6815123889921315,0.9930976570093636,
CC(=O)[O-].CCCCC[P+](CCCC)(CCCCC)CC(C)(C)C,PH-neoP-Bu-Pe-Pe,CCCCC[P+](CCCC)(CCCCC)CC(C)(C)C,OAc,CC([O-])=O,360.5630000000001,combinatorial,-0.2046146672219038,0.6242884969797636,0.014917491788025967,298.15,10.0,0.07290529066446642,52,212.14424848988182,True,-7.5100212182421116,0.9936496190082182,
CC(=O)[O-].CCCCCCCC[P+](CCCC)(CCCC)CCCC,PH-Bu-Bu-Oct-Bu,CCCCCCCC[P+](CCCC)(CCCC)CCCC,OAc,CC([O-])=O,374.59000000000015,combinatorial,-0.20483022555708885,0.6239787136328943,0.028088597376153518,298.15,10.0,0.13713111578019943,53,211.98935681644713,True,-7.755494081481549,0.9939569550625096,
CC(=O)[O-].CCCCCCC[P+](CCCC)(CCCC)CC(C)(C)C,PH-neoP-Bu-Hep-Bu,CCCCCCC[P+](CCCC)(CCCC)CC(C)(C)C,OAc,CC([O-])=O,374.59000000000015,combinatorial,-0.20509472116827965,0.6235988115346893,0.013462151144262031,298.15,10.0,0.06563870131604399,54,211.79940576734464,True,-7.542763502889568,0.9936843617634267,
CC(=O)[O-].CCCCCCC(CCCC)CCCC,SELFIES-P4444-mut,CCCCCCC(CCCC)CCCC,OAc,CC([O-])=O,271.4649999999999,selfies,-0.20544949546456337,0.6230896029230694,0.03264958504620862,298.15,10.0,0.15891781565285049,55,211.54480146153466,True,-7.71146081787326,0.9944440600096661,
C1COSC2(C1)CCC2.CC(=O)[O-],SELFIES-BMPyr-mut,C1COSC2(C1)CCC2,OAc,CC([O-])=O,203.28299999999996,selfies,-0.20555805787444115,0.6229338660722795,0.03478242113792493,298.15,10.0,0.16920971864392056,56,211.46693303613975,True,-7.50507533737942,0.9939909057608208,
CC(=O)[O-].CCCC[P+](CCC)(CCC)CCCC,PH-Pr-Pr-Bu-Bu,CCCC[P+](CCC)(CCC)CCCC,OAc,CC([O-])=O,290.428,combinatorial,-0.20564092323184013,0.6228150188032456,0.0254204784315099,298.15,10.0,0.12361585443210048,57,211.40750940162278,True,-7.5445908010506235,0.9939330723697769,
CC(=O)[O-].CC1CC1,SELFIES-EMIM-mut,CC1CC1,OAc,CC([O-])=O,115.15199999999999,selfies,-0.2057151459157467,0.6227085862920507,0.029832041720299313,298.15,10.0,0.145016263083115,58,211.35429314602536,True,-6.76533757765116,0.9933277913020508,
CC(=N)[O-].CCCC[P+](CCCC)(CCCC)CCCC,P4444,CCCC[P+](CCCC)(CCCC)CCCC,SELFIES-OAc-mut,CC(=N)[O-],317.498,selfies,-0.20640668831765652,0.6217178145044364,0.03460657334244148,298.15,10.0,0.1676620734749764,59,210.8589072522182,True,-7.661559077549449,0.9937937262616916,
CC(=O)[O-].CCCC#N,SELFIES-HMIM-mut,CCCC#N,OAc,CC([O-])=O,128.15099999999998,selfies,-0.20685111545026302,0.6210819166336039,0.0354777081236307,298.15,10.0,0.1715132550598271,60,210.54095831680195,True,-6.959922068093136,0.9927640073137203,
CC(=O)[O-].CCCCCCCC[P+](CCCC)(CCCC)CC(C)(C)C,PH-neoP-Bu-Oct-Bu,CCCCCCCC[P+](CCCC)(CCCC)CC(C)(C)C,OAc,CC([O-])=O,388.61700000000013,combinatorial,-0.2070205621421337,0.6208396392097593,0.01380158950662829,298.15,10.0,0.066667723069714,61,210.41981960487962,True,-7.586324389004036,0.9938485225409079,
C1#[PH]C(C2CCCCC2)C1.CC(=O)[O-],SELFIES-BMPyr-mut,C1#[PH]C(C2CCCCC2)C1,OAc,CC([O-])=O,213.23699999999997,selfies,-0.20767281390726566,0.6199079215985243,0.04169191082045316,298.15,10.0,0.2007576727836427,62,209.95396079926212,True,-7.51941360930476,0.9939831302723872,
CC(=O)[O-].CCCCCCCCC[P+](CCCC)(CCCC)CCCC,PH-Bu-Bu-Non-Bu,CCCCCCCCC[P+](CCCC)(CCCC)CCCC,OAc,CC([O-])=O,388.6170000000002,combinatorial,-0.2081096824258566,0.6192846530546608,0.0290407598771075,298.15,10.0,0.13954545285250664,63,209.6423265273304,True,-7.7905898185559845,0.993693201804577,
CC(=O)[O-].CCCCCCCCC[P+](CCCC)(CCCC)CC(C)(C)C,PH-neoP-Bu-Non-Bu,CCCCCCCCC[P+](CCCC)(CCCC)CC(C)(C)C,OAc,CC([O-])=O,402.6440000000002,combinatorial,-0.20902482233941555,0.6179810780813887,0.014337068328652756,298.15,10.0,0.06859026678358876,64,208.9905390406943,True,-7.6235327141788245,0.9940003730502996,
CC(=O)[O-].CCCC[N+]1(CCCC)CCCCC1,PIP-Bu-Bu,CCCC[N+]1(CCCC)CCCCC1,OAc,CC([O-])=O,257.4179999999999,combinatorial,-0.20910132303833961,0.6178722306914449,0.02422844321716429,298.15,10.0,0.11586939224063111,65,208.93611534572244,True,-7.610741072588934,0.9939304994244386,
CC(=O)[O-].CC1CCCC1,SELFIES-HMIM-mut,CC1CCCC1,OAc,CC([O-])=O,143.206,selfies,-0.20925121940672398,0.6176590094190173,0.01929538883410719,298.15,10.0,0.09221159565432459,66,208.82950470950865,True,-7.168669277792555,0.9936330430751841,
BCCCCNC=C(C)C.CC(=O)[O-],SELFIES-BMIM-mut,BCCCCNC=C(C)C,OAc,CC([O-])=O,198.09499999999997,selfies,-0.2095008883625269,0.6173040291732892,0.03249592893000774,298.15,10.0,0.1551111748689856,67,208.65201458664458,True,-6.546724254608932,0.9934214127638304,
CC(=O)[O-].CCCNC=C(C)C,SELFIES-HMIM-mut,CCCNC=C(C)C,OAc,CC([O-])=O,172.24799999999996,selfies,-0.2097356617450714,0.6169704136302151,0.0511043310879609,298.15,10.0,0.24366066630136066,68,208.48520681510752,True,-6.371313267330278,0.993745819733687,
CC(=O)[O-].CCCCCF,SELFIES-HMIM-mut,CCCCCF,OAc,CC([O-])=O,149.185,selfies,-0.21003580652177334,0.6165441672016816,0.028677672680824016,298.15,10.0,0.13653706554006614,69,208.2720836008408,True,-7.1935182900382415,0.9932070447748658,
CC(=O)[O-].CCCl,SELFIES-EMIM-mut,CCCl,OAc,CC([O-])=O,123.55899999999998,selfies,-0.2103016274049878,0.6161669112716017,0.05242920506810409,298.15,10.0,0.24930479956362242,70,208.08345563580085,True,-6.4420426101464825,0.9938584106082095,
CC(=O)[O-].CCI,SELFIES-BMPyr-mut,CCI,OAc,CC([O-])=O,215.01,selfies,-0.21056039910763502,0.615799881354823,0.055489229063173995,298.15,10.0,0.2635311734701301,71,207.89994067741148,True,-6.418084178801501,0.9939876454287928,
CC(=O)[O-].CCCCC[N+](CCCC)(CCCC)CCCC,AM-Bu-Bu-Bu-Pe,CCCCC[N+](CCCC)(CCCC)CCCC,OAc,CC([O-])=O,315.54200000000003,combinatorial,-0.2106266301125288,0.6157059774787622,0.03068155845603507,298.15,10.0,0.1456679928822069,72,207.8529887393811,True,-7.67792343672716,0.9940309367639898,
CC(=O)[O-].CCCCC(CCCC)C(CC)CC,SELFIES-P4444-mut,CCCCC(CCCC)C(CC)CC,OAc,CC([O-])=O,257.438,selfies,-0.2106995014473796,0.6156026753316339,0.05546297020987683,298.15,10.0,0.2632325649983953,73,207.80133766581693,True,-7.545006092345679,0.9939480417856511,
CC(=O)[O-].CCCCF,SELFIES-HMIM-mut,CCCCF,OAc,CC([O-])=O,135.158,selfies,-0.2107047140598297,0.6155952866148848,0.029727071307451277,298.15,10.0,0.14108403525803537,74,207.7976433074424,True,-6.976254388006212,0.9929405998402223,
CC(=O)[O-].CCC#N,SELFIES-BMIM-mut,CCC#N,OAc,CC([O-])=O,114.12399999999998,selfies,-0.2107518333941698,0.615528500441336,0.03488642582004955,298.15,10.0,0.16553320205191932,75,207.76425022066798,True,-6.706659236578974,0.9932573490617788,
CC(=O)[O-].CCCCCCCCCC[P+](CCCC)(CCCC)CC(C)(C)C,PH-neoP-Bu-Dec-Bu,CCCCCCCCCC[P+](CCCC)(CCCC)CC(C)(C)C,OAc,CC([O-])=O,416.6710000000002,combinatorial,-0.21094218455255032,0.6152587735747274,0.015042964365148294,298.15,10.0,0.07131321028582958,76,207.62938678736367,True,-7.65828515465016,0.9941334973154281,
CC(=O)[O-].CCCCCCCCCC[P+](CCCC)(CCCC)CCCC,PH-Bu-Bu-Dec-Bu,CCCCCCCCCC[P+](CCCC)(CCCC)CCCC,OAc,CC([O-])=O,402.64400000000023,combinatorial,-0.21116853505373,0.6149381896110039,0.029974119842141638,298.15,10.0,0.14194406299458856,77,207.46909480550192,True,-7.836061518096565,0.9932746837477217,
CC(=O)[O-].CCCCC(CC)C[P+](CCCC)(CCCC)CCCC,PH-2EtHex-Bu-Bu-Bu,CCCCC(CC)C[P+](CCCC)(CCCC)CCCC,OAc,CC([O-])=O,374.59000000000015,combinatorial,-0.2113007865846157,0.6147509568948876,0.03954977503304038,298.15,10.0,0.18717287177349248,78,207.37547844744375,True,-7.698212818136427,0.9941786837920075,
CC(=O)[O-].CCCF,SELFIES-BMPyr-mut,CCCF,OAc,CC([O-])=O,121.13099999999997,selfies,-0.21147455088794231,0.6145050398755149,0.033148730073776306,298.15,10.0,0.1567504455481331,79,207.25251993775743,True,-6.715175828512933,0.9932137245813883,
CC(=O)[O-].CCCCC[N+]1(CC(C)(C)C)CCCC1,PYR-neoP-Pe,CCCCC[N+]1(CC(C)(C)C)CCCC1,OAc,CC([O-])=O,271.44499999999994,combinatorial,-0.2120510134845972,0.6136899151404357,0.030309213484415308,298.15,10.0,0.14293359407413012,80,206.84495757021782,True,-7.416683052742927,0.9936879926395973,
CC(=O)[O-].CCCCC(CCC)(CCCC)PCCC,SELFIES-P4444-mut,CCCCC(CCC)(CCCC)PCCC,OAc,CC([O-])=O,303.447,selfies,-0.21398291736841202,0.6109660563018396,0.04233483415150666,298.15,10.0,0.19784212063348613,81,205.4830281509198,True,-7.699028147231042,0.9942799001787428,
CC(=O)[O-].CCCCC[P+](CCC)(CCCC)CC(C)(C)C,PH-neoP-Pr-Bu-Pe,CCCCC[P+](CCC)(CCCC)CC(C)(C)C,OAc,CC([O-])=O,332.509,combinatorial,-0.21399149298667908,0.6109539922297349,0.015658864116659205,298.15,10.0,0.0731751711159563,82,205.47699611486743,True,-7.448153408082189,0.9936690487439039,
CC(=O)[O-].CCCCCCCC#N,SELFIES-P66614-mut,CCCCCCCC#N,OAc,CC([O-])=O,184.259,selfies,-0.21417340263724327,0.6106981401310786,0.03355686968629642,298.15,10.0,0.15668084492794584,83,205.34907006553928,True,-7.563743694293512,0.9938660848337484,
CC(=O)[O-].CCCCCC1CC(C)=CN1,SELFIES-HMIM-mut,CCCCCC1CC(C)=CN1,OAc,CC([O-])=O,212.313,selfies,-0.21426767110824585,0.6105655956602078,0.025865243281717028,298.15,10.0,0.12071463300056204,84,205.2827978301039,True,-7.178690115759953,0.993502625141477,
CC(=O)[O-].CCCC[N+](CCC)(CCCC)CCCC,AM-Pr-Bu-Bu-Bu,CCCC[N+](CCC)(CCCC)CCCC,OAc,CC([O-])=O,287.48799999999994,combinatorial,-0.21449996158480644,0.6102391106229049,0.027302559110780188,298.15,10.0,0.12728468065475912,85,205.11955531145242,True,-7.60109265091145,0.9940181361935334,
B#CCC.CC(=O)[O-],SELFIES-BMIM-mut,B#CCC,OAc,CC([O-])=O,110.92899999999999,selfies,-0.21452537551522255,0.6102034018557291,0.03300056733489674,298.15,10.0,0.15383060048555908,86,205.10170092786453,True,-6.690543464641903,0.9933074403441907,
CC(=O)[O-].CC[C-][P+](CCCC)(CCCC)CCCC,SELFIES-P4444-mut,CC[C-][P+](CCCC)(CCCC)CCCC,OAc,CC([O-])=O,302.43899999999996,selfies,-0.21456651389598846,0.6101456033064773,0.02849926628582136,298.15,10.0,0.13282252560451457,87,205.0728016532386,True,-7.621683523860347,0.993995302314505,
CC(=O)[O-].CCCCCCF,SELFIES-HMIM-mut,CCCCCCF,OAc,CC([O-])=O,163.212,selfies,-0.21462907828390598,0.6100577121673808,0.030440348016531428,298.15,10.0,0.14182769762569494,88,205.02885608369036,True,-7.376682853755179,0.9936970481051459,
CC(=O)[O-].CCCCCCCCCCCC[P+](CCCC)(CCCC)CC(C)(C)C,PH-neoP-Dod-Bu-Bu,CCCCCCCCCCCC[P+](CCCC)(CCCC)CC(C)(C)C,OAc,CC([O-])=O,444.7250000000003,combinatorial,-0.2147431243211031,0.6098975316146578,0.01659585583644292,298.15,10.0,0.07728236184003412,89,204.94876580732887,True,-7.714033321873671,0.9942304053814538,
CC(=O)[O-].CC[C-]C[B-](CCC)(CCCC)CCCC,SELFIES-N4444-mut,CC[C-]C[B-](CCC)(CCCC)CCCC,OAc,CC([O-])=O,282.27699999999993,selfies,-0.21498088724911213,0.6095637227783982,0.023806947514204122,298.15,10.0,0.11073983282345229,90,204.7818613891991,True,-7.622260413389779,0.9940408222519084,
CC(N)C(=O)[O-].CCCC[P+](CCCC)(CCCC)CCCC,PH-Bu-Bu-Bu-Bu,CCCC[P+](CCCC)(CCCC)CCCC,Alaninate,[NH2]C(C)C([O-])=O,347.52400000000006,combinatorial,-0.21520596742630005,0.6092478883173644,0.041988609027327525,298.15,10.0,0.19510894390838415,91,204.6239441586822,True,-7.66318929173599,0.9940330141581387,
CC#CC(CCCC)CCCC.CC(=O)[O-],SELFIES-P4444-mut,CC#CC(CCCC)CCCC,OAc,CC([O-])=O,225.35199999999998,selfies,-0.21535199508070946,0.6090430685734349,0.03887786122945708,298.15,10.0,0.18053169748850695,92,204.52153428671744,True,-7.542543973406338,0.9939572074633058,
CC(=O)[O-].CCCCCCCCCCCCCC,SELFIES-P66614-mut,CCCCCCCCCCCCCC,OAc,CC([O-])=O,257.43799999999993,selfies,-0.21576843038201332,0.6084593506480801,0.033345249606332686,298.15,10.0,0.1545418370393465,93,204.22967532404002,True,-7.847828270174488,0.9934097437367894,
CC(=O)[O-].CCCCCCCF,SELFIES-P66614-mut,CCCCCCCF,OAc,CC([O-])=O,177.239,selfies,-0.21643667668104172,0.6075238378348576,0.03085724376871351,298.15,10.0,0.14256938445874953,94,203.7619189174288,True,-7.479663383176344,0.9939629687559033,
CC(=O)[O-].CCCCCCCCCCCC[P+](CCCC)(CCCC)CCCC,PH-Bu-Dod-Bu-Bu,CCCCCCCCCCCC[P+](CCCC)(CCCC)CCCC,OAc,CC([O-])=O,430.6980000000003,combinatorial,-0.21696808747947216,0.6067809149972258,0.03145342007876022,298.15,10.0,0.14496795562958587,95,203.39045749861288,True,-7.942965434970702,0.9929439372930551,
CC(=O)[O-].CCCCCCCCC#N,SELFIES-P66614-mut,CCCCCCCCC#N,OAc,CC([O-])=O,198.28599999999997,selfies,-0.21746214106678963,0.6060910332495473,0.03425158658374908,298.15,10.0,0.15750597513536535,96,203.04551662477363,True,-7.651108807462765,0.9941855328940897,
B#CCCC.CC(=O)[O-],SELFIES-BMPyr-mut,B#CCCC,OAc,CC([O-])=O,124.95599999999999,selfies,-0.21761160343885422,0.6058824830118857,0.033371848019383685,298.15,10.0,0.15335509454467441,97,202.94124150594283,True,-6.958659279158846,0.9928810074115363,
CC(=O)[O-].CCCCC[N+]1(CCCC)CCCC1,PYR-Bu-Pe,CCCCC[N+]1(CCCC)CCCC1,OAc,CC([O-])=O,257.41799999999995,combinatorial,-0.21771467104554176,0.6057387108696151,0.02355941853036897,298.15,10.0,0.1082123607804124,98,202.86935543480752,True,-7.657397899079717,0.994047084368711,
C=C(C)[O-].CCCC[P+](CCCC)(CCCC)CCCC,P4444,CCCC[P+](CCCC)(CCCC)CCCC,SELFIES-OAc-mut,C=C(C)[O-],316.51000000000005,selfies,-0.21803698129951954,0.6052893306057948,0.045873325067584,298.15,10.0,0.2103924058853455,99,202.6446653028974,True,-7.668938504045955,0.9937199675845304,
CC(=O)[O-].CC1CCCCC1,SELFIES-BMPyr-mut,CC1CCCCC1,OAc,CC([O-])=O,157.233,selfies,-0.21816255152225494,0.6051143448940177,0.02068564946308111,298.15,10.0,0.0948175996235126,100,202.55717244700887,True,-7.327217171553324,0.9937409138785661,
